{
    "loss": 2.334399461746216,
    "accuracy": 0.8273381590843201
}