{
    "loss": 2.9878246784210205,
    "accuracy": 0.5035971403121948
}