{
    "loss": 2.683154582977295,
    "accuracy": 0.5107913613319397
}